data_type,count
email address,1217
person name,1174
UNSPECIFIED_DATA,1022
phone number,931
ip address,704
geolocation,654
contact information,554
cookie / pixel tag,522
postal address,506
personal information,419
specific piece,418
personal identifier,417
financial information,364
usage information,354
log information,329
information from zoom email services,319
information you provide through virtual chat feature at direction of account owner,319
bluetooth signal,319
information provide,303
picture,294
job information,291
configuration information,290
display name,290
information from partner,290
state locale,290
audio setting,290
registration information,267
information zoom associate with individual person,261
screen sharing setting,261
commercial information,199
identifier,189
internet activity,181
browser type,173
job title,162
information about you,161
coarse geolocation,157
company name,156
username,152
payment information,145
file,131
credit / debit card number,129
device identifier,128
title,126
aggregate / deidentified / pseudonymized information,121
password,121
date,110
time,106
professional information,92
sensitive personal information,92
user agent,92
meeting content,91
audio information,89
preference,88
inference,86
device information,86
customer record information,78
device type,77
information we collect,72
interest,71
metadata,69
clickstream datum,68
information about,67
voiceprint,66
position,65
internet,64
analytic datum,64
browsing / search history,63
billing information,61
message send to they,58
information on device about face,58
audio transcript,58
message send to meeting group chat,58
information about purchase,58
message send to everyone,58
whiteboard,58
non-personal information,58
phone,57
preference for,56
advertising id,54
personal information we hold,54
log datum,54
operating system,53
gender,51
mac address,50
photo,49
information you post on social medium page,48
information on request service,48
date of last interaction with customer service,48
prediction,48
signature,47
pixel,47
navigation path,44
version,43
browser version,42
customer data,42
inference draw from,40
number,40
detail about engagement with they,38
age,38
industry,38
security update notification,37
education information,37
account notification email,37
essential transactional email,37
password change,37
renewal reminder,37
message,35
performance datum,35
audio recording,34
technical information,34
attachment,33
metric,33
transaction history,32
general information,32
calendar,32
personal information under dpf principles,32
payment datum,32
voice,32
operating system version,31
specific type,30
webinar,30
different kind,30
os version,30
Facebook,30
account information,30
subject line,30
pc name,29
mouse movement,29
mimeid,29
meeting asset,29
microphone,29
order number,29
information we receive from third party partner,29
keystroke,29
different type,29
account plan information,29
input help,29
administrator name,29
reference photo,29
screen sharing,29
hard disk id,29
account id,29
header,29
information regard meeting invitation,29
develop app,29
information about account owner,29
messaging content in case describe in statement,29
messaging content,29
facial geometry,29
emoji,29
email metadata use for basic email delivery,29
body text,29
battery level,29
custom label,29
content host on account,29
wifi information,29
alias,29
transcript text,29
country,29
business detail,28
personal information category list in california customer records statute,28
occupation,28
content interest detail,28
datum not list,28
source,27
feedback,27
date of birth,26
description,26
profile picture,26
online identifier,26
information you choose,26
protected classification,26
identity,26
screen resolution,26
model,25
Google,25
demographic information,25
related information,24
login credential,24
bank account number,24
city,23
personal characteristic,23
profile information,23
language setting,22
survey response,22
Microsoft,22
url,22
professional title,22
browser,22
information you provide to we,22
specific information,21
anonymous identifier,21
personal datum in structured use machine readable format,21
diagnostic datum,21
date time stamp,20
user name,20
technical datum,20
comment,20
precise geolocation,20
language preference,19
collect datum,19
manufacturer,19
inference draw from above information,19
auditor,19
browser plug in type,19
datum about you,19
session cookies,19
computer information,19
political affiliation,19
language,19
business affiliation,19
time zone,19
analytic provider,18
detail about software environment,18
professional datum,18
annotation,18
resume,18
access time,18
review status,18
information browser send,18
datum from collaboration platform,18
login personal information,18
suggestion about service improvement,18
professional detail,18
biometric information,18
donation,18
detail about engagement with communication,18
information about customer end user we collect not list,18
engagement history,18
event information,18
Twitter,18
contact,18
lawyer,18
religious belief,18
record,18
racial origin,18
page view,18
login datum,17
time zone setting,17
calendar information,17
browser information,17
customer record identify,17
number of click,17
idea,16
specific piece of personal information we collect about you,16
identifying information you choose,16
employment history,16
employment information,16
user data,16
email service provider,16
relevant datum from account on service,16
provision of customer support,16
insurer,16
applicable processing activity,16
political opinion,16
information you provide we,16
radio network information,16
setting,16
personal information from lead generation company,15
image,15
virtual meeting recording,15
cookies,15
banker,15
option,15
customer datum,15
account,15
geographic area,15
bank account information,15
information about user,15
user datum,15
non - public education information,15
information you provide,15
inference draw from personal information,15
attachment to support ticket,14
domain name,14
content,14
number of employee at company,14
job role,14
communication with we,14
identifiable information,14
candidate personal information,14
time of consent,14
communication preference,14
aid,14
personal information we process on behalf of customer,14
browser device information,14
dsid,14
flc,14
ssn,14
taid,14
statistic,14
social medium username,14
cpu usage,13
employment,13
session recording,13
purchase history,13
mobile network information,13
job position,13
information we receive,13
specific category,13
zip code,13
platform information,13
year of birth,13
sensory datum,13
user behaviour,13
profile,12
specific piece of personal information,12
persistent online identifier,12
ram disk size,12
employer,12
datum collect,12
opinion about you,12
information about engagement with ourservices,12
fraud detection service,11
frequency,11
support,11
legal advisor,11
hardware statistic,11
Mixpanel,11
length of visit,11
web analytic,11
device identification,11
communication network,11
billing detail,11
information require,11
local storage,11
request,11
photograph,11
calendar data,11
demographic information about user base as whole,11
amount,11
information collect,11
type of information,11
report,11
category of personal datum,11
datum you provide,11
network information,11
preference in,11
opinion,11
navigational information,11
internet information,11
data optimization service,11
identifier information,10
business contact card you share,10
average time spend,10
record keeping information,10
identifiers,10
size,10
information share with mindtickle over email,10
information you provide on website form,10
event production service,10
number of visit,10
reporting hierarchy,10
information necessary,10
user information,10
statistical datum,10
time stamp,10
log file,10
payment detail,10
browser datum,10
personal data collect,10
mobile os,10
employment datum,10
data security service,10
information we collect from source,10
name of device,10
hosting co - location service,10
performance measurement,10
remote access service,10
reporting manager,10
information you include in communication with we,10
audio video recording,10
refer url,10
account data,10
designation,10
identification number,10
relate information,10
device model,10
advertiser,10
activity,10
operating system type,10
communication datum,10
cost estimate,10
information we collect about you,10
analytic information,10
activity log,10
insight,10
timing,10
inference draw from mention personal information,9
operate system,9
content of email you send,9
relevant datum about,9
tag,9
log,9
information not list,9
content provider,9
cdn,9
information from,9
d. internet,9
affiliated company,9
asset,9
credit card,9
information you fill in webform,9
social networking activity,9
state province,9
state province country,9
passport number,9
session recording service,9
social medium profile,9
transaction id,9
locale setting use,9
information we get from google analytics,9
expiration date,9
social medium account information,9
information collect from user,9
time of visit,9
currency,9
professional title role,9
merchant name,9
identify information you choose,9
license,9
transaction category,9
personal data customer elect,9
specific piece of personal data we collect about you,8
main contact person,8
calendar datum,8
state identification card number,8
tendency,8
visual datum,8
choice available regard right in relation to personal information,8
client data,8
beacon,8
marketing information,8
home business address,8
past name,8
medical information,8
last digit of credit card,8
personal information you include in email text message,8
purchasing history,8
identify information,8
salary information,8
business need,8
health insurance information,8
free text,8
search,8
click history,8
security information,8
pattern,8
type of datum describe in section,8
current company information,8
office address,8
transaction datum relate to use of service,8
data controller,8
internet network information,8
device datum,8
product purchase,8
channel sale enablement,8
customer support,8
content transcription service,8
account preference,8
visual information,8
notification setting,8
role,8
number of employee,8
domain server,7
different category,7
stock,7
avatar,7
system log,7
marital status,7
information provide to we,7
user setting,7
mouse over,7
information you make,7
text of feedback,7
rating,7
crm,7
small text file send,7
information about use of website,7
web address,7
date time of visit,7
credential,7
individual opt choice,7
information we collect from you,7
Mouseflow,7
billing service,7
prospect data,7
transaction data,7
plan information,7
mobile application,7
computer operate system type,7
filename,7
correspondence with we,7
information collect via automate mean,7
personal information process about you,7
enablement system,7
text,7
file view on site,7
browser id,7
audio datum,7
workplace,7
payment data,7
information about use of site,7
personal data of end user,7
business address,7
company address,7
related company detail,6
information from social medium site,6
information we have about you,6
customer id,6
information about preference,6
biography,6
sufficient information,6
hardware model,6
website chat feature,6
company interest social medium profile,6
google account,6
app datum,6
employment seniority,6
personal information about california consumer subject,6
social medium activity detail,6
registration,6
information connect to,6
professional biography,6
record of offering purchase,6
name of entity they represent,6
transactional datum,6
department,6
feedback datum,6
meeting note,6
customer name,6
page response time,6
biographical detail,6
result of services,6
html5,6
information from company,6
proper identification of commercial nature,6
download error,6
job applicant datum,6
service datum,6
account history information,6
work opt link,6
information about marketing preference,6
information relate to,6
chicago office,6
biographical datum,6
business information from zoominfo,6
connectivity,6
gong.io ltd.,6
grand canal street,6
datum within account,6
north green street,6
information we process in connection with use of services,6
personal datum about individual,6
blog,6
datum we collect,6
accountant,6
system configuration information,6
enterprise customer administrator,6
related service,6
payment card type,6
user account identifier,6
personal information provide,6
generate content,6
speaker identification,6
product development,6
personal information provide in request,6
personal datum provide in valid request,6
information about yourself,6
information generate,6
profile photo,6
hosting,6
information about device,6
inference draw from personal datum,6
incorporate theta lake entity,6
account login information,6
commercial history,6
platform type,6
aggregate demographic information,6
personal datum we process on behalf as data processor,6
link click,6
datum backup,6
customer account detail,6
platform,6
url to third party website,6
mouse tracking,6
useful information,5
marketing datum,5
medical condition,5
profile datum,5
text message,5
segment,5
device setting,5
relevant datum,5
preferred language,5
personal information collect from you,5
social media,5
mobile device manufacturer,5
information in specific situation describe in section,5
personal datum we hold about you,5
meeting content information,5
demographic information about visitor,5
personal information you send to we,5
volunteer record,5
collect information,5
identity datum,5
meeting audio,5
access,5
personal information you make,5
feature,5
account detail,5
attribute,5
login information,5
mobile information,5
attribution,5
account use,5
information you allow,5
personal datum we process on behalf of customer submit to service,5
role within team,5
payment processor,5
platform user identification number,5
hardware information,5
FullStory,5
event name,5
website name,5
area of expertise,5
detail of product you access,5
instant messaging id,5
payment information you provide to we,5
personal data you volunteer be,5
reporting,5
office visitor information,5
social medium account,5
preference cookies,5
domo username,5
calendar metadata,5
subscriber company name,5
app data,5
social medium account login credential,5
meeting title,5
relevant device information,5
information you provide by,5
personal information upload into subscription services,5
task,5
aggregate personal information,5
application data,5
account name,5
referral datum,5
professional history,5
personal information provide to domo,5
mobile phone model,5
host name,5
information as,5
sensitive information,5
careers,5
information you submit,5
registration datum,5
habit,5
region,5
account datum,5
activity on services,5
verifiable consumer request,5
playback detail,5
event detail,5
collect personal information,5
email of invitee on event,5
information relate to criminal conviction,5
trend in aggregate,5
event title,5
different method,5
message report as spam,5
infer datum generate from use of portal,5
information provide we with good faith belief be,5
scroll,5
content of,5
several different type,5
information contain personal data,5
home work mobile,5
method use,5
health record,5
page interaction information,5
script,5
country preference,5
connection type,5
consultancy service,5
content of website chat,5
message content,5
personal information we hold about you,5
referral source,5
own instruction,4
website navigation path,4
datum about action on website,4
credit registration,4
record of contact you have with ispring,4
credit limit,4
invoice,4
secure high performance access to remote user,4
web analytics datum,4
notification data,4
personal interest,4
special category,4
expiry date,4
small data file,4
letter,4
information about you require,4
information about interaction with website,4
information relate to site account,4
conversion information,4
electronic communication between you,4
affiliation,4
file record interaction with application,4
url use,4
order detail,4
important information,4
information provide to ispring,4
personal data sugarcrm hold about you,4
powerpoint version you use,4
ispring services you order,4
answer,4
social medium handle,4
correspondence data,4
government record,4
information we need,4
timezone,4
full detail of allege breach,4
personal datum we process on behalf of customer,4
storage utilize,4
california customer record,4
information relate to teaching,4
recording,4
information relate to position in educational institution,4
information relate to education,4
information from public profile,4
information about partner,4
image with you,4
current city,4
aggregate usage information,4
transactional assistance,4
payment account information,4
transcript,4
profile photograph,4
friend list,4
information you submit in public forum,4
basic information about company,4
sensitive personal datum,4
security data,4
inquiry data,4
coupon,4
belief,4
notification,4
personal datum professional need,4
recur automate promotional marketing text message,4
browser screen resolution,4
domain name registration information,4
billing processing service,4
company annual revenue,4
content interest information,4
service provider,4
information about you we process,4
information regard,4
related datum,4
category of information,4
datum store in outreach account,4
confirmation,4
information regard interaction with website,4
training certification,4
social medium account you connect to service,4
browser name,4
refer website address,4
unique id for advertisers,4
content download,4
manager,4
operating system brand,4
personal information provide in connection with consumer rights request,4
length of visit to page,4
quote we offer you,4
technology,4
error generate,4
uuid,4
allego sales enablement platform,4
youtube,4
access to personal information we hold about you,4
browsing action,4
web request,4
digital sales room,4
meeting join url,4
meeting information on google calendar,4
tracking information about use of site,4
capability,4
device event information,4
inference about interest,4
publicly available information,4
information about visit,4
information describe,4
information about individual who register for zoominfo event with third party speaker,4
digital sale room,4
personal information relate to you,4
log id,4
information we need contact you,4
information on defect,4
allego sales content management,4
allego conversation intelligence,4
identifying information,4
allego modern enablement platform,4
meeting transcript,4
meeting recording,4
allego modern learning,4
local store object,4
transaction information,4
operate system type,4
traffic datum,4
calculate user,4
computer device name,4
allego referral program,4
datum collect through track technology,4
employee id,4
internal analytic,4
employment status,4
fqdn,4
hardware dongleid,4
allego revenue enablement platform,4
information about consumer,4
information enable download of service,4
information for invoicing,4
information for order fulfilment of request material,4
information manage account,4
secure sockets layer encryption,4
security code associate with payment instrument,4
report on activity,4
necessary information correct it,4
enablement ai,4
name of ceo be,4
name of ceo,4
information we store associate with you,4
skill,4
aggregate non - identifiable information,4
government identifier,4
partner marketplace,4
personal data submit to cloud service,4
information collect through use of google analytics,4
website url,4
different type of information,4
information about attendance,4
correspondence,4
persistent cookies,4
industry sector,4
readiness,4
sale content management,4
information anonymize,4
information about link you click,4
sales content management,4
configuration,4
team,4
system configuration,4
telephony log information,4
optional information you choose,4
call recording,4
partner ecosystem,4
user input,4
integration,4
information we share,4
enhance personalized feature,4
information contain personal information,4
functionality,4
client datum,4
history,4
events,4
identifier we use,4
industry type,4
click url,4
access token,4
category of data subject involve,4
visit,4
personal information from,4
name of allego customer who submit datum to we,4
newsroom,4
website management,4
sensitive personal data,3
publication data,3
information about customer,3
writing style description,3
profile data,3
account setting,3
personal datum we store,3
profile picture url,3
telephone,3
device manufacturer,3
css request,3
web browser type,3
datum be,3
survey,3
unique identifier send to computer from sites,3
unique number assign to device,3
information on,3
community profile information,3
sample,3
area code,3
conversion,3
time spend on site page,3
payment method,3
login,3
testimonial,3
work information,3
detail of collaboration environment,3
information use,3
geographic region,3
demographic attribute,3
help site,3
professional employment information,3
clickstream data,3
track,3
datum google store for day,3
log file information,3
customer testimonial,3
event visitor information,3
personal datum contain in content upload,3
information about minor under age of,3
google account detail,3
log data,3
usage detail,3
data collect,3
marketing preference,3
website address,3
support portal,3
select datum,3
social media sharing,3
communication information,3
information regard customer activity on website software as service,3
job function,3
email metadata,3
statistic on,3
username information,3
time zone use,3
credit card billing information,3
profile on forum,3
personal information vyopta collect,3
interaction with site,3
billing,3
current address,3
expertise,3
source from collect,3
banking information,3
work email,3
time spend on page,3
information about source refer you to we,3
personal data be,3
social medium account id,3
content of message you send,3
information technology,3
sign date,3
page tag,3
personal information provide in verifiable consumer request,3
security datum,3
business contact,3
technical data about equipment,3
relevant record associate with request,3
datum about,3
link,3
ram cpu usage,3
proof of identity,3
acquire personal information,3
personal information obtain from user,3
choice in information use,3
basic information like,3
account signup,3
operating system name,3
user information relate to service,3
refer individual,3
annual revenue,3
department name,3
page,3
company website url,3
ccpa identifier,3
option of,3
identification,3
applicant datum,3
large amount of datum,3
entity list,3
web page visit,3
information about company,3
information about page you view,3
relevant personal information,3
above information,3
computer type,3
meaningful information as,3
organization,3
information allow,3
available information as,3
automate decision making,3
sufficient information allow,3
title time stamp,3
personal information we process,3
meal preference,3
internet browser type,3
personal datum include in content,3
email information you grant access to in specific relay.app workflow,3
information you provide to we in connection with job application,3
company size,3
job title of contact person of users,3
session replay,3
information identify,3
diversity information you provide,3
site use datum,3
copy,3
observation,3
user content,3
patient health history information,3
Slack,3
datum from connected productivity tool,3
training,3
information of user,3
document,3
hosting provider,3
payment provider,3
datum you provide to we,3
first party local storage objects,3
device name,3
detail of,3
information about data processing practice,3
information about processing of personal datum,3
card detail,3
government identification,3
browser characteristic,3
browser setting,3
url you come from,3
patronymic,3
machine readable copy of personal information,3
computer browser information,3
information cover in part,3
rubric,3
voice storage,3
option opt of,3
information about customers,3
network connectivity,3
ad tracking,3
for name,3
call captcha score,3
customer account details,3
encryption,3
standard datum provide,3
uniform resource locator,3
country of residence,3
profile information about you,3
locale preference,3
information you search for,3
same basic information most website collect,3
cascading style sheets,3
social network handle,3
quantity,3
hardware version of device,3
information about account,3
contact address,3
interaction,3
email delivery,3
datum concern sex life,3
personal data strip of identify characteristic,3
file name,3
academic information,3
verification method,3
datum concern health,3
genetic datum,3
information about interaction with service,3
information provide through connection,3
personal data provide in verification process,3
trade union membership,3
information from reselling partner,3
chat,3
crash report,3
information from browser,3
personal data provide in valid request,3
information cover in part i,3
local storage under localstorage,3
broad demographic information,3
contract detail,3
personal information you download,3
email body,3
communication,3
information on meeting type customer use,3
information we collect from third party,3
browser language,2
select datum type,2
user of user personal information,2
web application,2
session information,2
report base on use of technology by third party service provider on individual basis,2
information we collect from you in connection with purchase,2
mobile website,2
corporate website,2
mobile application related,2
manage service,2
professional service,2
mobile apps,2
staff,2
doubleclick campaign manager integration,2
personal information contain in content of action,2
advertise position,2
food allergy,2
non - identifying information,2
information about device you utilize,2
identification number associate with device,2
information assist we in,2
medium channel,2
track pixel,2
content of message you send to we,2
support service,2
analytic statistic,2
local storage objects,2
subscription service,2
personal information we store,2
datum broker,2
type of personal information,2
customer record,2
asset view,2
personal data enter into saas product,2
netskope inc.,2
organization name,2
preference set,2
whitepaper,2
broad category,2
bank account detail,2
option regard advertisement you receive,2
personal information business sell about consumer,2
instruction for,2
anonymous datum,2
risk assessment information associate with account,2
auth provider,2
human resources data,2
domain,2
sensory information,2
browser configuration,2
insurance provider,2
information for purpose of security,2
information we collect from proofpoint user,2
subscription,2
meta horizon profile datum,2
meta horizon profile information,2
payment service identity verification information,2
payment services account information,2
photo you take,2
prompt you use,2
account holder,2
minimal amount,2
financial service provider,2
brand,2
information we collect from user,2
information on instruction,2
information we request,2
personal data in structured use machine readable format,2
address of website from you arrive at website,2
business datum collect from website for own internal marketing purpose,2
purchase information,2
referral information,2
referrer url,2
uniquely identifiable mobile device information,2
marketing activity,2
obsidian technologies inc.,2
personal datum from visitor to face website,2
sdk,2
software development kit,2
website at obsidiansecurity.com,2
website we operate,2
backup,2
customer account information,2
web datum,2
marketing email,2
contract datum,2
demographic datum,2
aggregate statistic about sale,2
legal business name,2
information you provide on,2
local browser storage technology,2
live event,2
base saas cybersecurity platform,2
activity describe in policy,2
form datum,2
personal information we disclose,2
information relate to you,2
information make,2
end user data necessary,2
operate system version,2
question,2
information you provide in connection with application,2
security information use for authentication,2
personal information collect via site,2
password hint,2
type of personal datum,2
identity verification,2
last digit,2
pixel tracking,2
medium,2
api response,2
datum element,2
zoom access key,2
technology provider,2
www.clari.com website,2
information about device you use,2
personal information of end user,2
survey information,2
zoom event id,2
business decision making,2
video footage of you,2
evaluation information,2
statistic on user who attend event,2
site account information,2
screen name,2
prior version of policy,2
track number of visitor,2
user analysis,2
account credential,2
security company,2
personal datum we process on behalf of client,2
personal datum collect,2
personal information submit to we in connection with host material,2
device identification number,2
google calendar datum,2
educational qualification,2
call note,2
information result from use of service,2
i nformation,2
personal detail provide during application process,2
detail of transaction you carry through website,2
equipment you use,2
identifier by contact,2
response to survey we ask you,2
hint,2
domain name of internet service provider,2
information on term set in privacy policy,2
locale,2
event attendance statistic,2
Amplitude,2
share this button,2
educational record govern,2
verifiable request,2
app invite,2
authorization token,2
personal datum relate to user,2
block user,2
account relevant information,2
destination,2
essential data,2
datum traffic,2
number of time access,2
follower,2
number of star on pipeline template,2
personal datum provide,2
information we use in own corporate capacity,2
information we collect in united states,2
information customer provide to we,2
information request,2
contact list associate with account,2
gender expression,2
gender identity,2
content enrichment provider,2
chat service,2
business private address,2
designate information,2
information list in type of information we collect section,2
aggregated extract of information,2
require information,2
parent name,2
it service provider,2
interaction with ad,2
personal information fall within scope of privacy policy,2
main type,2
online identifier collect on service,2
personal information about customer,2
transaction detail,2
service usage,2
email content,2
referrer header,2
browser use,2
information you provide to third party services,2
presence,2
datum about account,2
feedback response,2
file view on website,2
state,2
service information,2
mac,2
share in company,2
attorney,2
datum about device,2
select sample,2
in case information,2
visitor personal datum,2
contributory database,2
password information,2
cloudeagle,2
account number,2
language of browser,2
information regard investigation of complaint,2
pylon tigris data,2
elect privacy setting,2
diagnostic information,2
data setting,2
call,2
address of web page visit before,2
activity in service,2
datum from online source,2
textual context of email,2
personal information necessary,2
name email billing information,2
personal data collect from natural person,2
progress through professional development,2
date of arrival,2
clickstream datum analyze trend in aggregate,2
communication relate to use of product,2
occupation detail,2
usage statistical information,2
information you provide on public social medium profile relate to professional history as linkedin,2
professional affiliation,2
publicly available name of company director,2
record of deletion,2
role within company,2
category of personal information describe,2
social medium post,2
content of communication with we,2
website on oracle.com,2
work history,2
storage space,2
current employer,2
single registration,2
information relate to account with third party service,2
data we collect,2
information third party site share with we,2
personal information for marketing activity include event,2
information about you gather in relation to event,2
type of online analytic include google analytics,2
information about you collect from you,2
report on related activity,2
record of transaction with we,2
Stripe,2
information be,2
plugin,2
account log in,2
web server log,2
file read,2
search word,2
behavioral datum of device usage on site,2
call recording datum,2
call recording datum from sale,2
computer application,2
content area,2
financial detail,2
information about device you utilise,2
generate data,2
page you view,2
personal employee data,2
error report,2
registration information for mobile phone,2
call videoconference,2
date time stamp associate with usage,2
aggregate client personal datum,2
aggregate personal datum of professional,2
complaint,2
personal information regard employee,2
information gather in manner,2
documentation,2
personal datum for target advertising purpose,2
technical information detail of visit to site,2
clickstream datum about,2
payment information information relate to payment transaction collect,2
copy of email document,2
analytic information about use of application,2
internet address assign to computer,2
ingredient,2
information you enter on service,2
information it collect from you,2
choice,2
browser extension,2
unique identifier associate with user account,2
call information,2
cloud service provider,2
google user datum,2
personal information collect,2
personal information belong to customer,2
prior version of privacy policy,2
google api user data,2
action field,2
administrative password,2
aggregate customer data,2
applet trigger field,2
pattern of usage,2
calendar name,2
card type,2
customer satisfaction survey,2
social media information,2
zfusion,2
access log,2
aggregate report,2
personal information as account information,2
product certification,2
booking form information information provide to account holder,2
crash datum,2
performance information server collect,2
LINE,2
event datum,2
user account,2
token,2
service log file,2
sms,2
template,2
predictive marketing,2
Eventbrite,2
datum about use of flexibits service,2
storage requirement,2
information about service provider we use to we disclose personal information,2
datum collect about interaction with website,2
information in connection with action you take on sites,2
correspondence information,2
last digit of card number,2
booking information,2
meeting proposal,2
meeting template,2
note,2
device address,2
option choose between mail,2
payment method information,2
reminder,2
amount of free space on device,2
third party data,2
link you click,2
publicly available company information,2
tin,2
length,2
information collect through google analytics,2
factor authentication,2
history of access,2
necessary personal information,2
personal datum of visitor who attend cvent marketing event,2
specification,2
datum about wireless device usage,2
above category of personal datum,2
tax identification number,2
tax document,2
status,2
order information,2
email correspondence,2
information about individual web page you view,2
necessary personal datum,2
interactive mini,2
employer name,2
personal information need,2
related web site,2
technical data about you,2
text you input,2
minimum amount of datum,2
embed script,2
subcontractor,2
date time of access,2
payment make via service,2
information relate to transaction,2
information about use of website on current device,2
date time stamp for visit,2
language models,2
applicable information in connection,2
information about use of service on website,2
pin code,2
personal information provide from time on site,2
widget,2
track user clicking behavior,2
bank detail,2
right request,2
personal information we obtain from third party,2
bank account,2
lso,2
information list in,2
datum use,2
datum on use of website,2
component,2
customer relationship management vendor,2
content you provide,2
session length,2
device time zone,2
tracking information,2
customer proprietary network information,2
information relate to use of website,2
school name,2
information you decide,2
api key,2
computing power,2
enterprise organization name,2
personal datum tie to course,2
personal information relate to client,2
learner program course information history,2
small amount of information about profile,2
information you provide on third party site,2
information regard interaction with email message as,2
course history,2
communications,2
content for user in connection with service as article,2
type of content,2
characteristic,2
email subject,2
general behavior,2
information about account with we,2
information about end user,2
information available,2
result information from credit reference agency,2
personal data collect from you,2
advanced generative pre - train transformer language model,2
research firm,2
not track signal,2
information submit,2
information upload,2
list of specific use,2
cpni,2
imei,2
corporate vpn,2
financial institution,2
datum about people,2
action take,2
business information from crm,2
calendar meeting,2
datum process through feature,2
data for professional profiles,2
date of last use,2
device,2
many different type,2
independent contractor,2
information gather,2
base solution provider,2
datum log,2
customer usage information about,2
email header information,2
information we obtain,2
meeting description,2
scoring model,2
information about use of service on goodtime website,2
software host,2
uploaded information,2
variety of measure,2
alarm system,2
web browser extension,2
cybergrants,2
basic type,2
number of email open,2
information collect from service,2
message submit to we through email,2
financial tracking,2
information from third party who provide link service,2
staff size,2
downloadable software,2
everyaction,2
tracking datum,2
email metric,2
personal data provide in verifiable consumer request,2
platform use,2
personal information we have,2
necessary username information,2
information obtain within facebook business,2
information about equipment,2
datum about interaction with sites,1
result information,1
information on reason for support request,1
specific information relevant,1
information you provide in context,1
rating information,1
application version number,1
personal datum about customer data subject,1
other,1
personal information of customer,1
information about technical skill set,1
meeting space provider,1
written permission,1
information relate to organization for you work,1
personal information identify in policy,1
popularity of website content,1
necessary information in concise format,1
minimal business information,1
information submit as part of support ticket,1
entity control,1
authorization token access gmail account,1
activity relate to request,1
slack account,1
phone call,1
required information,1
invoice address,1
message you choose,1
appropriate record of personal datum breach,1
visitor datum,1
software application,1
datum concern use of website,1
record of,1
datum receive from customer,1
main webpage,1
carrier name,1
q&a feature,1
ongoing training,1
secure backup of personal datum,1
webpage,1
datum you provide we at heysummit.com,1
information you share with we in connection with survey,1
information regard status of direct marketing email,1
content of message you send to we relate to communication,1
website under akiflow.com domain,1
visitor user personal datum,1
information we hold on you in electronic format,1
record of communication with you,1
information about use of social medium website,1
user pattern on website,1
identity information,1
equal employment opportunity,1
personal information of guest be,1
personal information of guest,1
option limit use of personal datum,1
credit payment,1
content of correspondence to we,1
category of personal information describe in california customer records statute,1
datum analysis,1
affirmative authorization,1
browser web storage,1
innovation way,1
datum about interaction with candidate,1
information from contact list,1
personal datum submit in accordance with rule set,1
default language information,1
general update on account,1
information from third party,1
level of usage of service,1
multiple choice versus open text question,1
respondent interaction,1
response datum,1
number of email send with lemlist you open,1
survey data,1
personal datum submit under instruction,1
specific personal information,1
personal information of employee,1
innovature technologies kk,1
zylo,1
website available,1
survey form application datum,1
usage information about you,1
usage pattern,1
user preference,1
datum about visitor to website,1
permanent record of fact you ask we,1
file you upload,1
interaction with service,1
information technology service provider,1
personal data as specific tool you contribute to,1
regional setting,1
personal data you elect,1
provider of hosting service,1
recruitment service,1
information regard visit,1
personally identifiable aggregate statistic regard user behavior,1
metadata relate to use of service,1
email communication send via service,1
link on webpage,1
email communication,1
top talent,1
web usage activity,1
cover letter,1
rate,1
demographic data,1
domain from you visit,1
personal datum submit to we,1
personal datum submit in context of,1
datum display on third party website,1
copy of personal information,1
uuid for device,1
macintosh,1
meeting room,1
o,1
personal data we have about you,1
related service describe in terms of use,1
set of third party,1
sexual preference,1
anonymous traffic datum,1
consumer personal information,1
interaction with online property,1
area on website,1
email pattern,1
metric relate to deliverability of email you send through service,1
personal datum include in slide you choose,1
personal information disclose through comment,1
recent login activity,1
troubleshooting data,1
user nickname,1
windows,1
google contact,1
large language model,1
mac windows,1
ios android,1
health information about you,1
fellow for ms teams,1
information supply to thought industries,1
record of consumer request submit under california consumer privacy act,1
name of isp,1
copy of personal datum,1
change,1
url of page be,1
connect account in third party service,1
user token,1
data element,1
information in user profile,1
meeting url for upcoming booking,1
log of technical information,1
number of third party service provider,1
personal information about individual,1
user session log,1
aggregate reporting relate to usage of service by user,1
event,1
criminal record,1
fellow browser extension,1
information you contact we,1
information you provide in,1
datum about visit to service,1
relate information use for system administration purpose,1
information of demographic nature,1
information supply to we,1
internet log information,1
publicly available contact,1
record of enquiry on zendesk,1
related personal information,1
candidate personal datum,1
only truthful information,1
recruiter personal datum,1
information about datum,1
hose datum,1
option on,1
target group targeting,1
marketing preferences,1
appointment,1
information we maintain about you,1
information user submit to customer support,1
information relate to legal claim as,1
information regard you,1
information regard personal information we collect,1
information about web browsing of site,1
detail of visitor behaviour pattern,1
information you provide we within,1
datum storage,1
guide account,1
guide sending activity,1
guide.co,1
information about candidate,1
record of request,1
server around world,1
server log,1
social profile url,1
information apply to software,1
subdomain,1
detail about organisation,1
successor,1
tool,1
site usage information about interaction with site,1
sift,1
photograph of you capture during verification process,1
payments services account information,1
third party app datum you sync with guide account,1
behavioural datum,1
customer contract,1
information about use of third party service,1
mist systems,1
information about payment method,1
cloud service,1
interactive product walkthrough provider,1
chat information send to it via direct message,1
navigational information about visit,1
new hire joining kit,1
basic user information about team member,1
personal information align with business purpose for collect,1
website hosting provider,1
authentication detail,1
certificate,1
customer relationship management,1
information about individual who enter contest,1
customer support service,1
datum you generate on,1
storage,1
skilljar inc.,1
diploma,1
e - commerce provider,1
education,1
personal information of individual user,1
email communication software,1
datum about error,1
written confirmation you give authorize agent permission submit request,1
information receive from user,1
Plaid,1
financial advisor,1
external lawyer,1
end user information collect,1
detail list on official government document,1
de - personalized information,1
personal datum collect on,1
source of personal data,1
country of issuance,1
personal information be,1
omni owl gmbh,1
cookie consent management provider,1
customer relationship management provider,1
datum share,1
complete payment information,1
device model type,1
navigation action,1
information provide as part of datum subject request,1
information receive,1
communication information you provide to we,1
prefer method of contact,1
physical premise,1
social network information,1
marketing information you provide to we,1
access to information service obtain about you,1
backup of database,1
information collect through automate mean,1
transaction datum,1
personal datum collect during registration,1
name of internet service provider,1
information about website direct you to we,1
data require for,1
average time on site,1
technical support,1
technical infrastructure,1
system setting,1
personal information it receive under eu u.s. dpf in response to lawful request by public authority include,1
language system use,1
information we have,1
javascript,1
data enhancement platform,1
data enhancement partner,1
billing support provider,1
base local storage,1
advertising,1
youtube history,1
well user datum,1
well picture of user,1
web host,1
user level datum,1
user behavior across platform,1
transparent information on legal principle enable we,1
exceed ai ltd.,1
public information from profile on service,1
appropriate information,1
information you provide in message field,1
aggregated user statistic describe services to current business partner,1
accutraining,1
user profile,1
conference lead,1
usage statistic,1
standard information,1
demographic information about visitor as whole,1
portal solution,1
personal data provide to voicevibes in structured format,1
personal data browser transmit to server,1
performance metric,1
information you share with we,1
information you provide to bigtincan,1
information you access corresponding website of online offer,1
select password,1
information you access correspond subpage of website,1
information visitor provide,1
information regard personal data collect from european user,1
display notification on voicevibes website,1
datum identify you,1
datum collect about you,1
datum anonymize,1
datum about you as user,1
datum about visitor,1
datum about transmission,1
audio file,1
activate button,1
access status http status code,1
engineerica,1
technical browser datum,1
tax consultant,1
datum create,1
fingerprint,1
exact data,1
enter datum,1
encrypted anonymous key,1
embed social medium element,1
display tag,1
different user datum,1
different datum,1
device recognition,1
datum you provide for employment relationship,1
datum we send,1
datum they receive from we,1
datum for personalised advertising in,1
datum control,1
summarise statistic,1
datum cloudflare receive instruction for,1
datum about visitor behaviour,1
datum about behaviour on website,1
conversion tracking of google llc,1
contract document,1
content of website,1
computername,1
comprehensive information about,1
cloud provider,1
chrome,1
campaign information,1
call log datum,1
browser identifier,1
full address,1
gather datum,1
gdpr compliant information,1
http header,1
summarise information,1
street,1
store file,1
small text file,1
simple statistic on,1
simple statistic help,1
residence,1
report on user behavior,1
relevant business document for year,1
receive datum,1
postcode,1
personal user datum,1
personal datum for processing,1
order,1
operating system use,1
most important information regard datum processing by salesforce,1
most important information regard datum processing by google analytics,1
most important information about datum processing by wp analytics,1
most important information about datum processing by pinterest,1
most datum,1
interesting video,1
informed consent,1
information on web activity,1
information about tracking tool,1
information about interaction on site,1
individual datum,1
improved advertising report,1
customer content,1
customer content you submit to we for service,1
information you provide in message to we,1
subscription record,1
personal datum submit via european union standard contractual clauses,1
appointment information,1
room,1
rack room,1
personal information of customer refer to as you,1
information about internet connection,1
full uniform resource locators,1
strict control over,1
log about performance,1
information result from use of product call,1
error log,1
workflow,1
time send,1
server information,1
datum about request for customer information,1
reply,1
personal datum about individual in commercial dataset,1
outgoing mail,1
message body,1
information gather on website,1
information from youtube account,1
information from commercial dataset,1
information collect from third party service provider in combination with information we collect through mean describe in privacy policy,1
information about website visitor,1
information about current page,1
hustle,1
financial account number,1
email header,1
personal information category list in cal . civ . code sec .,1
Tandem,1
app market,1
accucampus,1
personal information provide in context of application,1
datum we collect about use of website,1
industry standard method for datum encryption,1
general geographic region,1
datum on,1
datum it collect,1
payment instrument number,1
output,1
input,1
educateme inc.,1
activity in services,1
web apps,1
unsolicited information,1
nice ltd.,1
nice web property link to privacy notice,1
personal datum collect via website,1
booking datum for lifetime of account,1
personally non - identifiable information,1
datum necessary,1
personal information of client,1
electronic file of account datum,1
list identify,1
extreme care,1
information about device as,1
minimum amount require,1
BBC,1
relevant information,1
distribution list,1
category of information list in log,1
datum regard interaction with website,1
feedback customer provide to we through service,1
calendar datum for meeting scheduling tracking,1
related information you provide to we,1
option connect account on website to account on social networking site,1
media form,1
kaiser ridge inc.,1
information we obtain from current activity on website,1
hyperlink on website redirect you to social network,1
history of change information,1
greminders software as service,1
greminders,1
friend network,1
cover photo,1
area on website you post review relate to activity on website,1
explore by cialfo platform,1
billing contact for hubspot account,1
written confirmation you give authorized agent permission submit request,1
information we collect through service,1
relevant data,1
datum perform task on behalf of company,1
least amount of information scope,1
email we analyse as part of,1
email tracking,1
copy of datum,1
payment info,1
label,1
information third party service make,1
information in audits service,1
file store in google drive service,1
conversation information for sale opportunity tracking,1
email attachment,1
email datum,1
email thread,1
account information you provide to hubspot,1
yin yang inc.,1
personal information collect on platform,1
educational information,1
cv resume,1
feedback submission date,1
divide group access,1
different messenger,1
ram,1
personal information relevant,1
accuclass,1
accuclub,1
accudemia,1
activity on page,1
said datum,1
prospect,1
professional interest,1
login information use,1
institutional affiliation,1
information collect use technological mean,1
information about you provide,1
educational background,1
strict access control,1
result insight,1
process analytic datum,1
google drive document for meeting note,1
enterprise grade encryption,1
base model,1
analysis,1
statistical datum about number of people use site,1
access token allow,1
information send via email,1
evidence,1
contract company,1
viewer reaction,1
post description,1
permalink,1
list of schedule live broadcast,1
information access,1
facebook platform datum consistent,1
facebook group name,1
ecamm network,1
diagnostic datum relate to accessing of platform datum,1
date of schedule live stream,1
url information,1
joint venture partner,1
technical connection detail,1
preference information,1
passive data collection,1
datum you enter,1
available information on third party,1
anonymized demographic datum from visitor,1
information about use of customer sites by user,1
information about previous visit to customer sites,1
data modification,1
tracking technology,1
information pertain to you,1
usage environment,1
log not include personally identifiable information,1
information you search for on website,1
submit personal information,1
accounting record,1
statistical reporting,1
computer name,1
web analytic datum,1
transactional detail,1
personal information regard visitor of site,1
payment agent detail,1
member of technical team,1
item description,1
customer support query,1
video content,1
user login credential,1
tweet button,1
traffic information need,1
traffic information,1
personal information about potential business customer,1
telecost.com website,1
information you request through website,1
information on kaltura platform,1
facebook like button,1
aggregate user information,1
zcal inc.,1
social login datum,1
information describe in section call,1
recipient of marketing communication,1
rapidops,1
personal datum about office visitor,1
personal datum about event attendee,1
marketing prospect,1
other data,1
information obtain,1
advertisement page view,1
verifone payments b.v.,1
information provide from customer,1
information they make,1
conversation datum,1
computer software downloadable,1
authentication information provide to we,1
staff augmentation personnel,1
security provider,1
personal datum we receive,1
industry standard metric,1
type of,1
provide personal information,1
personal information collect from vendor,1
office space,1
mobile device information,1
credit card financial information,1
relate information share,1
name address,1
information company collect,1
information about use of service,1
datum on behavior,1
data user provide company with via service,1
communication send,1
device include operating system language,1
datum to,1
datum from platform vimcal run on,1
datum for analytic purpose,1
datum fight fraud as refund abuse,1
write correspondence,1
transcript of chat interaction with we share,1
link to third party website,1
method,1
type of datum,1
domain from provide form input,1
marketing service provider,1
information from delete account,1
cloud application provider,1
name of individual acquire,1
information on operation history within service,1
information designate about individual acquire,1
id information identify terminal,1
client id,1
privacy request form,1
personal information we handle under privacy shield,1
website visitor information,1
vanta.com,1
vanta website,1
user conference,1
service data,1
personal information vanta collect over last month,1
other information,1
information constitute personal datum,1
datum about organization,1
business address submit,1
application id,1
applicable mobile application,1
aggregate service datum,1
usage information about you include webpage you visit what you click on,1
status of face video datum collect,1
small text file website store s on computer,1
key tie to face video datum,1
ctcsp corporation,1
customer information,1
individual identification information,1
datum service,1
information hold about you,1
driving license,1
detail of action you carry through website,1
customer service software provider,1
crm software provider,1
website,1
speech to text service,1
specific information about,1
session service,1
personal datum provide to we,1
personal datum contain in it,1
information about right,1
email,1
affiliate company,1
related website,1
training information,1
response to sponsor web site survey,1
personal data request,1
information on learning training activity within learning management system,1
company seek,1
browsing information,1
archive copy of record,1
video footage,1
personal datum collect via method,1
number of solution process in capacity as independent controller,1
necessary detail of interaction on system,1
cv,1
contact make,1
logging service provider,1
passport,1
personal data of job applicant,1
recent utility bill,1
account statement,1
Vimeo,1
Spotify,1
xing,1
url of most recent website you visit before,1
tumblr,1
third party identifier,1
statistic about usage level of website,1
sensitive credit information you supply,1
relationship interest,1
public sms profile,1
personal description,1
log file information report from browser,1
internet connection,1
information post to public area of service,1
information about visit to website,1
gif,1
equipment,1
education history,1
detail of visit to website,1
de - identified personal information datum,1
copy of unrevised information,1
clickstream pattern,1
amount of time you spend on website,1
Pinterest,1
security consultant,1
record of correspondence,1
amount of personal datum,1
record of personal datum contain in communication,1
name of administrator to customer,1
number of visitor,1
generative artificial intelligence,1
express need,1
enablement,1
contractual detail,1
contract service,1
container tag,1
artificial intelligence,1
account user data,1
user behavior,1
personal information provide in valid request,1
traffic news,1
survey provider,1
related service provide,1
number of page view,1
jonas,1
local weather report,1
javascript pixel,1
information about non - user,1
information about email you send,1
image pixel,1
hosting debug service,1
encrypt google authentication token,1
database customer relationship management service,1
customer service provider,1
system maintenance,1
partner provide service to you as member,1
os,1
name of business partner,1
infer datum on generate from use of services,1
log credential to services,1
personal datum relate to person identify as result of use with business application,1
technical datum collect,1
information about visit to sites,1
basic personal datum you provide through,1
The Interpublic Group of Companies,1
survey result,1
relevant health information,1
login date,1
information we process on behalf of customer,1
information in connection with use of service platform by individual user,1
information in connection with job application,1
information describe in section,1
information as you use application,1
identification information,1
feedback improve future event,1
cctv footage,1
address of web page visit,1
personal network information,1
personal information it collect from you we have ongoing legitimate business need do,1
information about mailbox size,1
data we collect through manual method,1
customize information about,1
zoom url,1
personal information contain in content of call,1
c. information we receive from third party,1
c. information,1
infirmation,1
authentication token we obtain from third party service,1
torii labs ltd.,1
information collect from source customer,1
mobile,1
datum from visitor,1
tracking methodology discuss,1
adequate level of protection,1
yourguru inc.,1
yourguru,1
useful identify information,1
unique username you like,1
time email message,1
software use,1
public database,1
service providers,1
note take through services,1
information you include in note,1
information collect from,1
email you send,1
email communication to subscriber,1
contact list of device,1
authorized link,1
associated account information,1
account registration,1
api key login credential,1
preference on browser,1
open tracking,1
information in anonymous form,1
information about interaction with website associate with browser,1
email subject line,1
authorization,1
content of draft email message,1
company domain directory,1
aggregate insight not identify you,1
card expiration date,1
collective learning about,1
copy of unrevised information in record,1
publicly available personal information,1
personal information we receive from you,1
personal information in profile,1
high score,1
game performance,1
data broker,1
aggregator,1
unique identifier we store on computer,1
personal information in personally identifiable form,1
medium form,1
item,1
information you consent,1
Treasure Data,1
cvv code,1
Cloudflare,1
service usage information,1
private information,1
prezi inc.,1
prezi ai,1
personal datum you choose,1
personal datum we have,1
option within service,1
information we collect under privacy policy,1
information we collect from,1
information concern past behavior with services,1
feedback provide to we,1
calendar content,1
technical datum about equipment,1
contact list,1
api call,1
insurance benefit,1
information relate to access to to relevant customer,1
information contain in invoice you issue to,1
information contain in invoice you issue,1
information about internet service provider,1
diagnostic report,1
contract with,1
claim information,1
bank statement,1
bank routing information,1
backup information,1
authentication information,1
access date,1
insurance policy information,1
ssl encryption,1
session log,1
banner ad,1
Sixth Division,1
work calendar information,1
reclaim,1
personal data we share,1
necessary google calendar data,1
metadata specific,1
form field,1
time save after,1
supplier,1
insurance benefit information,1
feature involve youtube api service,1
detail of product you purchase from we,1
click id,1
copy of customer data,1
web hosting provider,1
variety of industry standard security technology,1
transaction non - pci payment datum,1
time spend on page of site,1
search preference,1
privacy,1
personal information relate to recruitment job application,1
corresponding earning,1
meeting datum,1
datum collect regard use of service,1
derivative of datum,1
design setting,1
issue identification document,1
web site at https://justcall.io,1
personal data collect from user,1
justcall,1
information integrated service make,1
communication with individual through from written mean as email,1
vendor information,1
social profile,1
setting preference,1
related software,1
people center,1
engagement metric,1
issue identification document comply with global aml obligation,1
publicly available personal information post on social medium platform,1
activity relate to third party integration,1
profession,1
general business operations,1
personal information you choose,1
personal information about job applicant we process on behalf of customer,1
personal information about employee of customer who participate in interview for role at customer,1
personal information we consider,1
personal information we use for own business purpose,1
web site access log,1
statistic garner,1
personal information regard customer,1
personal identifiable information,1
method of payment,1
information enter on barraiser website,1
http protocol element,1
facsimile number,1
customer personal information,1
customer information relate to transaction with affiliated business,1
business,1
user interest,1
retain personal datum,1
relate information attributable,1
personal information provide in application,1
personal information of customer employee,1
metadata about work perform in tool,1
employee record,1
associate metadata,1
GitHub,1
range of technical control,1
personal property,1
service delivery,1
AppsFlyer,1
amazon web services,1
information about website use,1
information target to account,1
information about internet address,1
datum we hold on they,1
client information,1
blog url,1
login name,1
professional bio,1
personal information in connection with transfer to acquirer upon,1
information relate to transaction include purchase of good you enter into with we,1
information include in personal profile,1
information contain in inquiry you submit to we regard good,1
information contain in,1
datum about use of website,1
audio recordings,1
communication content,1
information you give we on service,1
information about use of on service,1
consent information,1
personal information provide in verification process,1
personal information we receive,1
otter meeting assistant app,1
information about query,1
eu personal information,1
dedicated otter.ai website,1
carrier type,1
automatic otterpilot tm screenshot,1
datum you provide to we on frontend,1
copy of prior version,1
type of operating system you use,1
information in connection with service,1
write reason for refusal,1
resale partner,1
personal information we need,1
mobile app,1
information you agree,1
information for californian consumer,1
information about use of,1
evidence of identity,1
basic information about customer,1
information you upload to service,1
information we receive from third party,1
information we collect from services,1
image depict likeness you provide to setmore,1
attendee identifier,1
copy of information,1
residual information,1
execvision inc.,1
training datum associate with ai speakers,1
datum about use of services,1
personal information between,1
handle,1
detail about subscription,1
cache copy of information about you,1
personal information third party service make,1
end user personal information,1
client version,1
vista consulting group,1
tax id,1
statistic about end users user habit,1
information on bonus,1
message you send,1
information you transmit information through channel,1
information in personal profile,1
record of personal information,1
amazon,1
youtube video identifier of video you upload through service,1
several different type of information,1
place of birth,1
serial number,1
mobile operate system,1
minimum information,1
information on marital status,1
family member,1
meeting,1
detail of document on education,1
citizenship,1
actual address,1
scheduling information,1
prescription information,1
intakeq,1
information we gather about you,1
information design,1
information about medical history,1
datum by identify,1
sufficient information verify identity,1
personal information contain in content of meeting,1
statistical datum involve use of clickup service,1
option unsubscribe,1
instant messenger nickname,1
salesforce,1
chat comment,1
datum collect from user of missive application,1
heliom,1
message send to external channel,1
messaging datum,1
screen dimension,1
third party login token,1
upload file,1
average number of file change per time period,1
cpu utilization over time,1
database hosting,1
information disclose to,1
information disclose to it,1
student datum,1
system health,1
total amount of datum store,1
web beacons,1
search result,1
total number of file,1
personal information we process on behalf of client,1
page view information,1
information we source from third party partner,1
information in email,1
information in customer list,1
hosting service,1
email client type,1
content delivery service,1
calendar event,1
address book contact,1
special category of personal datum,1
customer relation management system,1
mailchimp,1
hubspot,1
clearbit,1
cello,1
business card,1
Persistent Systems,1
Algolia,1
personal information about end user we process on behalf of customer,1
investigation service,1
host service,1
fraud detection,1
data service,1
aggregated statistic,1
personal datum necessary,1
Momentum,1
sister company,1
number assign to computer,1
joint venture,1
information you submit to we,1
identify information about device connect to service,1
content you send to we,1
company under common control,1
click activity,1
opt choice,1
staircase,1
technical assistance,1
total number of user,1
action you take within application,1
required information mandate,1
acceleration sensor,1
information relate to permission,1
facial photo,1
facial information,1
facial feature information,1
distance sensor,1
corresponding recording file,1
information transmit from compute device for purpose of,1
communication call record with we,1
bluetooth information,1
attachment of email,1
application,1
app installation status,1
regular payment,1
mobile acceleration sensor,1
privacy officer,1
personal information collect as part of business operation,1
medication use,1
medicare detail,1
information require under article,1
health information,1
for information technology contractor,1
datum assist in,1
local share object,1
message send,1
personal data provide,1
voice communication send,1
log record,1
mobile phone distance sensor,1
regular malware scanning,1
work order information,1
package dump,1
device information we collect in online advertising,1
data from website visitor request for information,1
article,1
related company,1
headquarters in united states,1
financial subscription information,1
feedback about experience,1
datum about type of payment use,1
complete name,1
aggregate site information,1
bookwhen ltd,1
verification result,1
necessary information of service,1
time zone information of device,1
text in picture,1
service log,1
search keyword information,1
router ssid,1
relevant system permission authorize,1
relevant information of event involve,1
relevant information necessary,1
order information for,1
operating system version number,1
not software installation list information,1
necessary information use,1
mixpane,1
segmentl,1
for account preference,1
share,1
sensitive information about you,1
seminar,1
relevant personal datum,1
record of visitor,1
personal datum volunteer,1
personal datum about people,1
organization you represent,1
login credential for third party application you authenticate,1
open position,1
information you volunteer,1
information about this,1
information about food preference,1
detail of services purchase from we,1
detail of marketing preference you communicate to we,1
detail about product you view through site,1
datum from application,1
datum collect through interaction with third party website,1
capital stock,1
base chat interface,1
banking detail,1
number of referral,1
response submit,1
potential job applicant information,1
personal information of european union resident,1
nimble software systems,1
estimate of cost associate with,1
appropriate opt choice,1
social networking profile,1
add on,1
local weather,1
information about product,1
information about issue,1
file from third party share service,1
company industry,1
access to website,1
use datum,1
information about security vulnerability exploit through penetration testing,1
encrypted backup of datum,1
datum about feature you use,1
company information,1
billing metadata about company,1
many choice regard use of personal information for advertising purpose,1
information on use of technology for advertising,1
information about profile on platform,1
configuration setting,1
information about purchase intent,1
time date of access,1
related activity information,1
versioning,1
information about you you login,1
statistical information,1
site health information,1
information we collect in month,1
information receive from youtube api,1
demographic information about you,1
know customer kyc document,1
copy of specific personal information we collect,1
Apple,1
statistic about usage of website,1
local performance number,1
identifier we match against information we collect from you,1
record customer service interaction,1
payment account,1
information about free time,1
information you submit through feature,1
information contain in booking form,1
information relate to individual booking,1
information consider,1
number of third party service to we transfer personal datum in provision of service,1
payment history with account holder,1
authentication credential for account,1
personal datum base legitimate interests in,1
action you take,1
device characteristic,1
union membership,1
hardware setting,1
winn . ai ltd.,1
personal datum we hold,1
support provider,1
prospect datum,1
position with customer,1
personal datum concern employee who engage with service,1
information about meeting document in calendar,1
detail concern safeguard employ,1
personal information collect via service,1
table of content,1
specific personal datum we collect,1
data be,1
base tool,1
latency to remote vm,1
demographic information about user base,1
integration use,1
information discuss,1
information about nature of breach,1
Dropbox,1
usage,1
trend,1
transaction information you provide,1
manage website,1
subscriber detail,1
information on prior activity,1
third party wallet detail,1
device datum collect,1
clickstream,1
company,1
account information for services,1
source code,1
skedulo product,1
skedulo event,1
regulatory compliance material,1
regulate data,1
internet protocol,1
information it contain,1
id number,1
hipaa protect health information,1
eu personal datum,1
datum you submit to service,1
information we collect from you as part of normal operation of site,1
license number,1
data from visitor,1
information concern person,1
powerfront inc,1
nickname,1
information about your,1
business email,1
service version number,1
service use,1
screen resolution size,1
information collect through survey question,1
php version utilize on company server,1
percentage of new session,1
number of user,1
number of subscription user,1
number of session,1
number of record access,1
number of page view per session,1
name of sugarcrm customer who submit datum into services,1
mobile device brand,1
language of user,1
information about product use,1
bounce rate,1
basic participant information,1
basic information about employer,1
average session duration,1
x,1
web site at https://www.pipedrive.com,1
unrestricted information,1
tablet application,1
zoom account datum,1
activity on service site,1
access email message,1
date of installation,1
information about relevant legislation,1
incremental auth,1
history of request make on app,1
general statistic,1
full control over it,1
feedback you provide to we,1
expert,1
email opening rate,1
detail on device you use,1
datum you provide to we through website,1
datum of child under age of 16,1
datum about on market purchase,1
database,1
analytic on feedback,1
data sharing with third party,1
corresponding datum mention,1
connection,1
braze id,1
base technology company maintain,1
backend datum,1
audio stream,1
associate datum,1
aspect of personal datum,1
app version,1
app token we assign to you,1
apns device token,1
navigation information,1
interaction with we,1
information constitute personal data,1
monetary amount settle dispute,1
personal information pertain to visitor of website,1
non - identifying personal information,1
datum about individual across world,1
click stream activity on service,1
network firewall,1
fitness datum from google fit,1
face camera,1
address state province,1
version information,1
settlement amount,1
relevant document information,1
places api,1
hardware model internet service provider,1
session heatmap,1
direction,1
unique device identification number,1
report base on use of technology by service provider on individual basis,1
multiple personal datum point,1
data tool,1
ad delivery,1
tax resolution information,1
tax id number,1
shared objects,1
information provide to we in accordance with irs regulation,1
file on google drive,1
address change information,1
personal information regard user of user,1
visitor browsing,1
information you generate,1
information post on service,1
communication with individual from written mean as email,1
yandex metrika,1
web site at https://www.kommo.com/,1
web browser,1
universal analytics,1
unique id allow,1
twitter conversion tag,1
quora conversion tag,1
product of qsoft llc,1
linkedin conversion tag,1
kommo,1
item click,1
information about way you use service for,1
wix apps,1
google tag manager,1
facebook conversion tag,1
email synchronization,1
datum about use of site,1
crozdesk conversion tag,1
client data contain personal datum store in connection with services,1
capterra conversion tag,1
adwords conversion tag,1
access to contact,1
interaction with team,1
personal information in performance of business,1
transaction record,1
information about setting,1
information you provide in form,1
Intercom,1
interaction data,1
anonymised diagnostic datum about server environment,1
personal data third party service make,1
privacy information supplement statement,1
sub,1
personal data need,1
only personal data be,1
business partner,1
screenshot,1
push notification provider,1
personal information within content,1
personal information contain in content,1
payment information you provide in connection with use of services,1
option exercise privacy right relate to processing,1
method opt of sale,1
data storage provider,1
content of message be,1
option send not track signal to site you visit,1
interaction you have with we,1
information from computer,1
inference draw from above,1
identifier as those set,1
client datum we process on behalf of client,1
classification characteristic,1
audio,1
associated identifier,1
small text file send to,1
permission grant from email system,1
email invite he,1
personal information about website visitor within european economic area,1
personal information we process on behalf of subscriber,1
zoom account name,1
customer support chat,1
customer personal information collect from,1
customer personal datum,1
customary bank information need for billing purpose,1
content of support communication,1
city of residence,1
audit history of request access,1
personal datum of contact include in use of platform,1
information about calendar,1
sensitive information about patient,1
personal information about patient,1
personal user information,1
zoom account,1
datum concern date view,1
minimum access,1
access token need,1
information we collect through use of service,1
information about privacy of personal datum of prospective user of services locate in jurisdiction,1
datum from,1
aggregate de,1
above category,1
preference relate to collection of personal information,1
personal information collect from you in connection with submission of opt request,1
personal datum collect from you in connection with submission of opt request,1
personal datum collect from you in connection with request,1
information concern particular service,1
gender pronoun,1
audio pronunciation of name,1
track of preference,1
software engineer,1
everlaw community,1
Everlaw,1
whitelist,1
telemetry,1
technical datum you provide to we,1
technical datum about ios system,1
team identity,1
sufficient information verify you as person we collect personal datum,1
specialist,1
spark mail limited,1
spark id,1
source of collection,1
snapshot of email draft,1
app use information,1
share inboxe,1
several type,1
send email,1
information about you collect via customer support channel,1
payment status,1
payment processor id,1
payment history,1
oauth login credential,1
metric on marketing campaign,1
mail server credential,1
logically separate database,1
log data contain on device,1
everlaw website,1
office,1
state job title,1
rally,1
recent interaction among user,1
personal bitbucket repository,1
information we receive from source,1
information about you in connection with legal claim,1
feedback you provide to we through product,1
evaluation information you provide,1
email domain,1
atlassian services,1
ticketfly,1
ticketea,1
third street,1
technical datum send to we from computer through you access services,1
personal data of transferee,1
online forum,1
nvite,1
information about information practice,1
information about browser,1
facebook id,1
brand sponsor,1
audio recording of you,1
address send check,1
2nd floor,1
user behavior datum,1
social medium url,1
sharing widget,1
related application,1
item in shopping cart,1
website hosting service,1
personal information obtain from current activity on site,1
personal unsolicited information,1
transaction history datum,1
time of access,1
software solution,1
smokeball service,1
service setting,1
sensitive datum,1
personal datum about,1
login attempt,1
information we collect about use of service,1
information about you you provide,1
access to personal information,1
high level statistical datum about,1
detail of concern,1
communications data,1
client data customer choose,1
aggregate knowledge,1
behavior on website,1
analytic datum supply,1
business name,1
identifiable information about individual,1
third party code,1
personal information subject,1
personal datum receive with consent,1
limited liability company,1
information about success,1
human,1
information about communication,1
usage habit,1
write reason for decision,1
affiliate list in affiliated party section,1
program of interest,1
jotform pty ltd,1
jotform ltd,1
jotform canada inc.,1
information gather from,1
information from page tag,1
form response,1
form responder,1
form metadata,1
customer,1
australian resident personal information,1
tax information,1
selection of language,1
product preference,1
affiliates,1
previous work experience,1
prefer starting date,1
nationality,1
tax id employer identification number,1
language skill,1
language of interest,1
information you provide we through use of website,1
income,1
human resources datum,1
datum you submit to we,1
date of employment,1
copy of datum in structured format,1
burdock,1
transcript of voice interaction,1
tracking quality,1
additional data,1
eye tracking,1
environmental information,1
dimension,1
device performance information,1
device performance datum,1
datum relate to voice interaction,1
datum about interaction with natural facial expressions,1
datum about interaction with fit adjustment,1
crash log information,1
choose language,1
avatar in app profile information,1
amount of time it take,1
achievement,1
fitness information,1
abstracted gaze datum,1
abstract hand datum,1
abstract gaze datum,1
abstract fit adjustment datum,1
abstract facial expression datum,1
information about visit to appspace sites,1
customer personal data,1
content of email correspondence with you,1
transaction,1
insurance information,1
product selection,1
personal preference,1
fit adjustment,1
hand tracking,1
third party service usage,1
natural facial expressions,1
technical system information about device you use,1
information about content you view on service,1
smart glasses sensor relate to content,1
record audio,1
raw image of surrounding,1
profile name profile picture,1
profile name,1
picture you post,1
performance attribute,1
object you build,1
number of gesture you make,1
number of calorie you burn be,1
movement,1
headset adjustment tip,1
mobile device setting,1
list of follower,1
information relate to business,1
information relate to profile,1
information help,1
information from meta vr products,1
information about voice interaction,1
information about store voice conversation,1
information about smart glasses purchase through own channel,1
information about physical environment,1
information about gameplay activity as,1
information about connection to user as,1
list,1
response,1
website chat,1
system information,1
employer information,1
deal room,1
browsing datum,1
automation,1
ai sale agent,1
ein,1
website analytic information,1
sender information,1
risk assessment information,1
personal datum regard usage behavior in relation to saas application user use,1
information relate to engagement between we,1
information associate with use of service,1
analytic information about use of website,1
ui element,1
transactional communication,1
inbox,1
relationship with you,1
reasonable information verify identity,1
inference draw from foregoing,1
possible re,1
personalization,1
online product,1
information in communication,1
job level,1
internet electronic activity information,1
information request through online application question,1
document you create,1
report base on use of technology by company on individual basis,1
pipeline management,1
site usage,1
portfolio work,1
sale partner,1
relevant content,1
personal datum associate with workramp account control,1
marketing tool,1
job recruiter,1
distributor,1
data enrichment service,1
call conference provider,1
information from phone book,1
specialty,1
secure socket layer,1
qualification,1
datum describe in automatic data collection section,1
visit survey,1
information share with we through third party integration,1
firewall,1
delivery service expert provide through white glove delivery provider,1
consultant,1
biographical information,1
widget as share button,1
unique device identify number,1
derivation,1
data identify,1
student data,1
only as much information,1
information concern particular service upon,1
course completion datum,1
content of message,1
cache copy of information,1
personal address,1
information about use of feature,1
forum,1
feedback about service,1
duration of session,1
domo dojo,1
desktop app link to privacy notice,1
connection make,1
company event,1
card,1
buzz,1
aggregate statistical information,1
activity we display,1
phonism,1
metadata assign to contact,1
permission,1
program run on website,1
piece of information store on computer,1
information about experience with enhance website,1
end user information,1
datum relate to visit,1
xyte technologies ltd.,1
payment you make,1
minimum amount of personal data require for compliance with legal requirement,1
item purchase,1
information relate to activity in services,1
website visitor,1
information regard status of referral to individual who refer you,1
marketing communication,1
attachment you send to we,1
device information include,1
analytic datum about service,1
aggregation,1
action take through services,1
subscription plan,1
personal datum inputte in service,1
identification datum,1
datum you submit to site,1
billing datum,1
source from we collect it,1
performance information,1
mobile carrier,1
information enable we,1
datum we collect through interaction with you,1
newsletter,1
crash log,1
amount of time you spend on page,1
information particular,1
information on upgrade available,1
credit card payment for service,1
version status,1
user type,1
student id,1
public information about you,1
proof of enrollment,1
permanent record of request not send direct marketing,1
page on many social networking site,1
personal information relate to employee within services,1
